district_id,name,name_en,area_km2,valid_px,ndvi_early_mean,ndvi_late_mean,dndvi_mean,dndvi_median,veg_frac_early,veg_frac_late,veg_frac_change_pp,strong_decline_ha,decline_ha,gain_ha,strong_gain_ha,decline_share_pct,rank_decline
37247803B78325352338503,Waraq,Waraq,27.61,7686,0.2367,0.2092,-0.0275,-0.0075,0.4655,0.3752,-9.03,323.6,439.2,243.4,137.9,27.57,1
37247803B84983151070332,Shubra Al-Khayma 2,Shubra Al-Khayma 2,17.23,4777,0.13,0.1084,-0.0216,-0.0004,0.1166,0.0622,-5.44,117.0,75.2,75.2,32.0,11.18,2
37247803B74669546915316,Kardasa,Kardasa,62.74,17442,0.2938,0.2777,-0.0161,-0.0124,0.6577,0.5784,-7.93,673.6,1180.8,819.0,491.0,29.53,3
37247803B9687639154335,Al-Ahram,Al-Ahram,20.09,5570,0.1515,0.137,-0.0145,-0.0035,0.205,0.1598,-4.52,77.0,204.1,99.0,17.3,14.02,4
37247803B74269871636707,Khsos,Khsos,5.7,1586,0.1061,0.0934,-0.0127,0.004,0.07,0.0259,-4.41,23.4,9.4,3.6,2.5,5.74,5
37247803B87868406017087,Shubra Al-Khayma 1,Shubra Al-Khayma 1,10.36,2882,0.121,0.1096,-0.0114,0.0017,0.1058,0.0569,-4.89,50.4,46.1,24.8,22.0,9.3,6
37247803B51665438591487,Marg,Marg,16.53,4589,0.1136,0.1035,-0.0101,0.0003,0.0815,0.0462,-3.53,38.2,104.8,20.9,4.3,8.65,7
37247803B16391777329697,Auseem,Auseem,51.08,14189,0.3815,0.3761,-0.0054,-0.0148,0.7977,0.7585,-3.92,420.5,1065.6,916.6,446.8,29.09,8
37247803B30889137034133,Umraniyya,Umraniyya,17.53,4872,0.1107,0.1053,-0.0054,0.0008,0.0782,0.0628,-1.54,32.8,73.1,44.3,6.1,6.03,9
37247803B72756565577460,Zamalik,Zamalik,2.69,745,0.2074,0.2021,-0.0054,-0.0016,0.5034,0.4698,-3.36,8.3,28.8,28.4,4.0,13.83,10
37247803B59036266241246,Giza (1246),Giza (1246),56.28,15630,0.3322,0.3283,-0.004,-0.0093,0.7005,0.6431,-5.74,498.2,1003.7,942.5,505.1,26.69,11
37247803B56780050438943,Al-Aguza,Al-Aguza,5.42,1506,0.1339,0.1304,-0.0035,-0.002,0.1262,0.1394,1.32,2.9,35.6,29.2,1.8,7.1,12
37247803B46347292779018,DuqqI,DuqqI,5.21,1445,0.1572,0.1551,-0.0022,-0.0027,0.2374,0.2263,-1.11,1.1,42.5,34.2,1.4,8.37,13
37247803B55829024150134,Giza (0134),Giza (0134),11.5,3196,0.1794,0.1794,-0.0001,-0.0018,0.3339,0.3251,-0.88,45.7,147.6,113.4,61.9,16.8,14
37247803B27962965783351,Al Matariyya,Al Matariyya,6.23,1735,0.0915,0.0928,0.0013,0.0056,0.0202,0.0265,0.63,2.2,27.7,13.0,0.7,4.78,15
37247803B21469576264473,Nuzha,Nuzha,32.27,8972,0.1034,0.1052,0.0018,0.0031,0.085,0.0845,-0.05,33.5,195.8,195.1,21.6,7.1,16
37247803B34541492244214,Misr Al-Qadima,Misr Al-Qadima,9.73,2702,0.1233,0.1252,0.0019,0.0041,0.1058,0.1058,0.0,28.1,63.4,78.1,23.4,9.4,17
37247803B34210539192827,Bulaq Al-DakrUr,Bulaq Al-DakrUr,9.22,2559,0.1229,0.1253,0.0024,0.0011,0.1376,0.1293,-0.83,22.7,35.3,37.8,31.0,6.29,18
37247803B66210800118153,Ain Shams,Ain Shams,8.32,2310,0.1017,0.1048,0.0031,0.0057,0.074,0.0784,0.44,4.3,22.0,21.2,0.4,3.16,19
37247803B35159038955302,Gamaliyya,Gamaliyya,2.04,571,0.0967,0.1004,0.0036,0.0099,0.0245,0.0245,0.0,1.4,12.6,9.0,0.0,6.83,20
37247803B14597497558400,Imbaba,Imbaba,8.6,2385,0.0935,0.097,0.0036,0.0027,0.047,0.0683,2.13,3.6,21.2,43.9,1.8,2.89,21
37247803B29547542469056,Bulaq,Bulaq,2.08,580,0.0998,0.1036,0.0038,0.0057,0.0121,0.0293,1.72,0.4,11.5,7.9,0.4,5.69,22
37247803B92272311463105,Rud Al-Farag,Rud Al-Farag,2.48,694,0.0945,0.0982,0.0038,0.005,0.0303,0.0274,-0.29,0.7,7.6,6.1,0.0,3.31,23
37247803B60267904610722,Madinat Nasr-2,Madinat Nasr-2,17.3,4802,0.1221,0.127,0.0049,0.0033,0.1229,0.1435,2.06,16.2,88.6,134.6,16.9,6.06,24
37247803B70915432571750,Misr al-Gadida,Misr al-Gadida,9.15,2544,0.1483,0.1531,0.0049,0.0071,0.193,0.2115,1.85,11.5,47.9,71.3,4.3,6.49,25
37247803B64528254011318,Nasr City,Nasr City,66.17,18389,0.0921,0.0974,0.0052,0.0029,0.0358,0.0521,1.63,15.1,196.9,333.4,42.1,3.2,26
37247803B54164801772616,Al Sahil,Al Sahil,5.24,1460,0.1045,0.1106,0.0061,0.008,0.0452,0.0438,-0.14,5.4,15.8,24.5,1.8,4.04,27
37247803B46837021628067,Al Wayli,Al Wayli,4.97,1382,0.1228,0.1298,0.007,0.0068,0.1056,0.1295,2.39,3.6,18.7,42.8,2.5,4.49,28
37247803B1921003738807,Hadaiq Al-Qubba,Hadaiq Al-Qubba,3.96,1101,0.0965,0.1035,0.007,0.0096,0.0391,0.0409,0.18,2.5,13.3,12.6,0.0,4.0,29
37247803B1884066406604,Tura,Tura,55.43,15370,0.0587,0.0661,0.0073,0.0076,0.0055,0.005,-0.05,4.0,57.2,29.5,3.2,1.11,30
37247803B28746183260819,Al Zahir,Al Zahir,1.97,543,0.0977,0.1056,0.008,0.01,0.035,0.0405,0.55,0.7,9.7,10.8,1.1,5.34,31
37247803B90563077233192,Maadi,Maadi,16.39,4546,0.1187,0.1271,0.0084,0.0062,0.1806,0.1993,1.87,3.2,42.1,110.2,4.7,2.77,32
37247803B92056872151518,Basatin,Basatin,29.81,8277,0.0906,0.0991,0.0085,0.0056,0.0442,0.0632,1.9,16.2,58.3,153.0,20.2,2.5,33
37247803B62139513677683,Minshat Nasir,Minshat Nasir,5.56,1545,0.0903,0.0991,0.0088,0.0096,0.011,0.0155,0.45,0.4,22.0,24.8,0.0,4.01,34
37247803B37865224267935,Zawiyya Al-Hamra,Zawiyya Al-Hamra,4.95,1371,0.1153,0.1244,0.0091,0.0078,0.1058,0.1335,2.77,4.7,21.2,40.0,7.2,5.25,35
37247803B2980274366801,Shubra,Shubra,1.34,364,0.0939,0.1039,0.01,0.01,0.0165,0.0192,0.27,0.0,0.4,3.6,0.0,0.27,36
37247803B31369022265166,Hwamdeia,Hwamdeia,11.91,3317,0.3382,0.3486,0.0104,0.0005,0.7055,0.6795,-2.6,56.9,195.1,240.5,105.1,21.1,37
37247803B22012205190656,Al Sharabiyya,Al Sharabiyya,3.69,1027,0.0964,0.1076,0.0111,0.0104,0.0195,0.0351,1.56,0.7,7.2,19.4,0.0,2.14,38
37247803B41278628102289,Sayyida Zainab,Sayyida Zainab,3.65,1020,0.1145,0.1271,0.0126,0.0098,0.0333,0.0951,6.18,0.0,5.8,26.6,1.1,1.57,39
37247803B15392203431980,Al Khalifa,Al Khalifa,38.88,10786,0.0928,0.1064,0.0136,0.0044,0.0421,0.0784,3.63,25.9,100.4,273.6,116.3,3.25,40
37247803B62499095418831,Al Zaytun,Al Zaytun,8.2,2273,0.1143,0.1309,0.0166,0.0074,0.1012,0.1276,2.64,2.5,20.5,45.0,31.0,2.82,41
37247803B88500614059504,Muski,Muski,0.81,222,0.0835,0.1009,0.0174,0.0112,0.0225,0.045,2.25,0.0,0.4,4.0,1.1,0.45,42
37247803B6267278220516,Al Azbakiyya,Al Azbakiyya,1.44,399,0.0763,0.0959,0.0196,0.0186,0.015,0.0276,1.26,0.0,1.8,8.3,0.4,1.25,43
37247803B36275264085145,Bab Al-Shariyya,Bab Al-Shariyya,0.98,276,0.0898,0.1099,0.0201,0.0192,0.0,0.0254,2.54,0.0,0.7,9.0,0.0,0.72,44
37247803B10880133914548,Abdin,Abdin,1.69,466,0.097,0.1181,0.0211,0.0192,0.0622,0.073,1.08,0.0,1.1,14.8,0.7,0.64,45
37247803B52731964573716,Qasr Al-Nile,Qasr Al-Nile,1.09,301,0.1175,0.1387,0.0211,0.0158,0.1362,0.1927,5.65,0.0,1.4,15.1,0.4,1.33,46
37247803B66957331642315,Al Darb al-Ahmar,Al Darb al-Ahmar,1.86,519,0.1346,0.1594,0.0247,0.0094,0.1503,0.1715,2.12,0.0,0.7,19.4,9.0,0.39,47
37247803B29662728717232,Qalyub,Qalyub,24.25,6741,0.328,0.354,0.026,-0.0039,0.6711,0.6379,-3.32,148.0,289.4,416.2,382.7,18.02,48
